<?xml version="1.0" encoding="UTF-8"?>
<project-private xmlns="http://www.netbeans.org/ns/project-private/1">
    <editor-bookmarks xmlns="http://www.netbeans.org/ns/editor-bookmarks/2" lastBookmarkId="0"/>
    <open-files xmlns="http://www.netbeans.org/ns/projectui-open-files/2">
        <group>
            <file>file:/C:/Users/dayan/OneDrive/Área%20de%20Trabalho/Prog.%20Comp/PCJavaSwing/src/exemplos/Exemplo2.java</file>
            <file>file:/C:/Users/dayan/OneDrive/Área%20de%20Trabalho/Prog.%20Comp/PCJavaSwing/src/exemplos/Exemplo4.java</file>
            <file>file:/C:/Users/dayan/OneDrive/Área%20de%20Trabalho/Prog.%20Comp/PCJavaSwing/src/exercicios/Exercicio1.java</file>
            <file>file:/C:/Users/dayan/OneDrive/Área%20de%20Trabalho/Prog.%20Comp/PCJavaSwing/src/exemplos/Exemplo3.java</file>
            <file>file:/C:/Users/dayan/OneDrive/Área%20de%20Trabalho/Prog.%20Comp/PCJavaSwing/src/exercicios/Exercicio2.java</file>
            <file>file:/C:/Users/dayan/OneDrive/Área%20de%20Trabalho/Prog.%20Comp/PCJavaSwing/src/exemplos/Exemplo1.java</file>
            <file>file:/C:/Users/dayan/OneDrive/Área%20de%20Trabalho/Prog.%20Comp/PCJavaSwing/src/exercicios/Exercicio3.java</file>
        </group>
    </open-files>
</project-private>
